{"__type__":"cc.AnimationClip","_name":"Slot5Reel1Ainimation","_duration":1.8333333333333333,"curveData":{"props":{"position":[{"frame":0,"value":[-296,2.2435386881625143e-13],"curve":"linear"},{"frame":1.5,"value":[-296,-4215]},{"frame":1.6666666666666667,"value":[-296,-4195]},{"frame":1.8333333333333333,"value":[-296,-4200]}]}}}