{"__type__":"cc.AnimationClip","_name":"Gun2FightAnimation","_duration":0.3333333333333333,"curveData":{"props":{"y":[{"frame":0,"value":0},{"frame":0.16666666666666666,"value":-10},{"frame":0.3333333333333333,"value":0}]}}}