{"__type__":"cc.AnimationClip","_name":"Slot3Reel3Animation","_duration":0.5166666666666667,"speed":0.25,"curveData":{"props":{"y":[{"frame":0,"value":0},{"frame":0.43333333333333335,"value":-3269},{"frame":0.5166666666666667,"value":-3264}]}}}