{"__type__":"cc.AnimationClip","_name":"Slot3Reel1Animation","_duration":0.4166666666666667,"speed":0.25,"curveData":{"props":{"y":[{"frame":0,"value":0},{"frame":0.3333333333333333,"value":-2725},{"frame":0.4166666666666667,"value":-2720}]}}}