{"__type__":"cc.AnimationClip","_name":"Slot5Reel3Ainimation","_duration":2.1666666666666665,"curveData":{"props":{"position":[{"frame":0.3333333333333333,"value":[0,0]},{"frame":1.8333333333333333,"value":[0,-5615]},{"frame":2,"value":[0,-5595]},{"frame":2.1666666666666665,"value":[0,-5600]}]}}}