{"__type__":"cc.AnimationClip","_name":"Slot2Reel2Animation","_duration":0.4666666666666667,"speed":0.25,"curveData":{"props":{"y":[{"frame":0,"value":0},{"frame":0.38333333333333336,"value":-3305},{"frame":0.4666666666666667,"value":-3300}]}}}