{"__type__":"cc.AnimationClip","_name":"Slot5Reel2Ainimation","_duration":2,"curveData":{"props":{"position":[{"frame":0.16666666666666666,"value":[-148,0]},{"frame":1.6666666666666667,"value":[-148,-4915]},{"frame":1.8333333333333333,"value":[-148,-4895]},{"frame":2,"value":[-148,-4900]}]}}}