{"__type__":"cc.AnimationClip","_name":"SlotReel5Animation","_duration":2.6666666666666665,"curveData":{"props":{"y":[{"frame":0,"value":0},{"frame":0.6666666666666666,"value":0,"curve":[0.85,-0.15,0.15,1.15]},{"frame":2.6666666666666665,"value":-5928}]}}}