{"__type__":"cc.AnimationClip","_name":"Slot5Reel5Ainimation","_duration":2.6666666666666665,"curveData":{"props":{"position":[{"frame":0.85,"value":[296,0],"curve":"linear"},{"frame":2.3333333333333335,"value":[296,-7015]},{"frame":2.5,"value":[296,-6995]},{"frame":2.6666666666666665,"value":[296,-7000]}]}}}