{"__type__":"cc.AnimationClip","_name":"Slot5Reel4Ainimation","_duration":2.5,"curveData":{"props":{"position":[{"frame":0.6666666666666666,"value":[148,0]},{"frame":2.1666666666666665,"value":[148,-6315]},{"frame":2.3333333333333335,"value":[148,-6295]},{"frame":2.5,"value":[148,-6300]}]}}}