{"__type__":"cc.AnimationClip","_name":"SlotReel3Animation","_duration":2.3333333333333335,"curveData":{"props":{"y":[{"frame":0,"value":0},{"frame":0.3333333333333333,"value":0,"curve":[0.85,-0.15,0.15,1.15]},{"frame":2.3333333333333335,"value":-5304}]}}}