{"__type__":"cc.AnimationClip","_name":"Slot2Reel5Animation","_duration":0.6166666666666667,"speed":0.25,"curveData":{"props":{"y":[{"frame":0,"value":0},{"frame":0.5333333333333333,"value":-4205},{"frame":0.6166666666666667,"value":-4200}]}}}