{"__type__":"cc.AnimationClip","_name":"Slot3Reel4Animation","_duration":0.5666666666666667,"speed":0.25,"curveData":{"props":{"y":[{"frame":0,"value":0},{"frame":0.48333333333333334,"value":-3541},{"frame":0.5666666666666667,"value":-3536}]}}}